{
  "name": "Atreus 62",
  "vendorId": "0xcfcf",
  "productId": "0x6062",
  "lighting": "none",
  "matrix": { "rows": 6, "cols": 12 },
  "layouts": {
    "keymap": 
[
  [
    {
      "r": 10,
      "rx": 2,
      "y": -0.1,
      "x": 2
    },
    "0,3"
  ],
  [
    {
      "y": -0.65,
      "x": 1
    },
    "0,2",
    {
      "x": 1
    },
    "0,4"
  ],
  [
    {
      "y": -0.75,
      "x": -1,
      "c": "#aaaaaa"
    },
    "0,0",
    {
      "c": "#cccccc"
    },
    "0,1"
  ],
  [
    {
      "y": -0.9,
      "x": 4
    },
    "0,5"
  ],
  [
    {
      "y": -0.7,
      "x": 2
    },
    "1,3"
  ],
  [
    {
      "y": -0.6500000000000001,
      "x": 1
    },
    "1,2",
    {
      "x": 1
    },
    "1,4"
  ],
  [
    {
      "y": -0.75,
      "x": -1,
      "c": "#aaaaaa"
    },
    "1,0",
    {
      "c": "#cccccc"
    },
    "1,1"
  ],
  [
    {
      "y": -0.8999999999999999,
      "x": 4
    },
    "1,5"
  ],
  [
    {
      "y": -0.7,
      "x": 2
    },
    "2,3"
  ],
  [
    {
      "y": -0.6499999999999999,
      "x": 1
    },
    "2,2",
    {
      "x": 1
    },
    "2,4"
  ],
  [
    {
      "y": -0.75,
      "x": -1,
      "c": "#aaaaaa"
    },
    "2,0",
    {
      "c": "#cccccc"
    },
    "2,1"
  ],
  [
    {
      "y": -0.8999999999999999,
      "x": 4
    },
    "2,5"
  ],
  [
    {
      "y": -0.7000000000000002,
      "x": 2
    },
    "3,3"
  ],
  [
    {
      "y": -0.6499999999999999,
      "x": 1
    },
    "3,2",
    {
      "x": 1
    },
    "3,4"
  ],
  [
    {
      "y": -0.75,
      "x": -1,
      "c": "#aaaaaa"
    },
    "3,0",
    {
      "c": "#cccccc"
    },
    "3,1"
  ],
  [
    {
      "y": -0.8999999999999999,
      "x": 4
    },
    "3,5"
  ],
  [
    {
      "y": -0.75,
      "x": 5,
      "c": "#777777",
      "h": 1.5
    },
    "5,5"
  ],
  [
    {
      "y": -0.9500000000000002,
      "x": 2,
      "c": "#aaaaaa"
    },
    "4,3"
  ],
  [
    {
      "y": -0.6500000000000004,
      "x": 1
    },
    "4,2",
    {
      "x": 1
    },
    "4,4"
  ],
  [
    {
      "y": -0.75,
      "x": -1
    },
    "4,0",
    "4,1"
  ],
  [
    {
      "y": -0.9000000000000004,
      "x": 4
    },
    "4,5"
  ],
  [
    {
      "r": -10,
      "rx": 8,
      "ry": 0.965,
      "y": -0.20000000000000007,
      "x": 2,
      "c": "#cccccc"
    },
    "0,8"
  ],
  [
    {
      "y": -0.6500000000000001,
      "x": 1
    },
    "0,7",
    {
      "x": 1
    },
    "0,9"
  ],
  [
    {
      "y": -0.75,
      "x": 4
    },
    "0,10",
    {
      "c": "#aaaaaa"
    },
    "0,11"
  ],
  [
    {
      "y": -0.8999999999999999,
      "c": "#cccccc"
    },
    "0,6"
  ],
  [
    {
      "y": -0.7,
      "x": 2
    },
    "1,8"
  ],
  [
    {
      "y": -0.6499999999999999,
      "x": 1
    },
    "1,7",
    {
      "x": 1
    },
    "1,9"
  ],
  [
    {
      "y": -0.75,
      "x": 4
    },
    "1,10",
    {
      "c": "#aaaaaa"
    },
    "1,11"
  ],
  [
    {
      "y": -0.8999999999999999,
      "c": "#cccccc"
    },
    "1,6"
  ],
  [
    {
      "y": -0.7000000000000002,
      "x": 2
    },
    "2,8"
  ],
  [
    {
      "y": -0.6499999999999999,
      "x": 1
    },
    "2,7",
    {
      "x": 1
    },
    "2,9"
  ],
  [
    {
      "y": -0.75,
      "x": 4
    },
    "2,10",
    {
      "c": "#aaaaaa"
    },
    "2,11"
  ],
  [
    {
      "y": -0.8999999999999999,
      "c": "#cccccc"
    },
    "2,6"
  ],
  [
    {
      "y": -0.7000000000000002,
      "x": 2
    },
    "3,8"
  ],
  [
    {
      "y": -0.6500000000000004,
      "x": 1
    },
    "3,7",
    {
      "x": 1
    },
    "3,9"
  ],
  [
    {
      "y": -0.75,
      "x": 4
    },
    "3,10",
    {
      "c": "#aaaaaa"
    },
    "3,11"
  ],
  [
    {
      "y": -0.9000000000000004,
      "c": "#cccccc"
    },
    "3,6"
  ],
  [
    {
      "y": -0.75,
      "x": -1,
      "c": "#777777",
      "h": 1.5
    },
    "5,6"
  ],
  [
    {
      "y": -0.9500000000000002,
      "x": 2,
      "c": "#aaaaaa"
    },
    "4,8"
  ],
  [
    {
      "y": -0.6500000000000004,
      "x": 1
    },
    "4,7",
    {
      "x": 1
    },
    "4,9"
  ],
  [
    {
      "y": -0.75,
      "x": 4
    },
    "4,10",
    "4,11"
  ],
  [
    {
      "y": -0.9000000000000004
    },
    "4,6"
  ]
]
}
}